region,lead_time_bucket,season,weather_regime,w_nwp,w_ai,w_ensemble,n_train_rows
Bengaluru,0-24h,Monsoon,Clear,0.4907,0.2597,0.2496,56
Bengaluru,0-24h,Monsoon,Monsoon,0.5354,0.2863,0.1783,22
Bengaluru,0-24h,Summer,Clear,0.4885,0.2905,0.221,80
Bengaluru,0-24h,Summer,Convective,0.0,0.5551,0.4449,12
Bengaluru,0-24h,Winter,Clear,0.7228,0.0,0.2772,10
Chennai,0-24h,Monsoon,Clear,0.4906,0.3505,0.1589,66
Chennai,0-24h,Monsoon,Monsoon,0.7573,0.0,0.2427,12
Chennai,0-24h,Summer,Clear,0.7636,0.1087,0.1277,86
Chennai,0-24h,Summer,Convective,0.7394,0.0,0.2606,6
Chennai,0-24h,Winter,Clear,0.5871,0.0376,0.3753,10
Delhi,0-24h,Monsoon,Clear,0.9199,0.0,0.0801,57
Delhi,0-24h,Monsoon,Monsoon,0.0,0.5697,0.4303,21
Delhi,0-24h,Summer,Clear,0.5255,0.3336,0.1409,89
Delhi,0-24h,Summer,Convective,0.5214,0.3107,0.1679,3
Delhi,0-24h,Winter,Clear,0.2411,0.7589,0.0,9
Delhi,0-24h,Winter,Convective,0.5214,0.3107,0.1679,1
Mumbai,0-24h,Monsoon,Clear,0.2859,0.3064,0.4078,27
Mumbai,0-24h,Monsoon,Monsoon,0.0436,0.4724,0.484,42
Mumbai,0-24h,Monsoon,Storm,0.4476,0.2553,0.2971,9
Mumbai,0-24h,Summer,Clear,0.628,0.1218,0.2502,84
Mumbai,0-24h,Summer,Convective,0.0009,0.9737,0.0254,7
Mumbai,0-24h,Summer,Storm,0.5214,0.3107,0.1679,1
Mumbai,0-24h,Winter,Clear,0.1213,0.3734,0.5052,10
Pune,0-24h,Monsoon,Clear,0.258,0.7375,0.0045,62
Pune,0-24h,Monsoon,Monsoon,0.3889,0.4966,0.1145,16
Pune,0-24h,Summer,Clear,0.4114,0.4003,0.1883,85
Pune,0-24h,Summer,Convective,0.0,1.0,0.0,6
Pune,0-24h,Summer,Storm,0.5214,0.3107,0.1679,1
Pune,0-24h,Winter,Clear,0.3915,0.0,0.6085,10
__GLOBAL_FALLBACK__,__GLOBAL_FALLBACK__,__GLOBAL_FALLBACK__,__GLOBAL_FALLBACK__,0.5214,0.3107,0.1679,900
